menu_record_id,outlet_name,menu_category,item_name,package_detail,price_php,source_page,currency,tax_inclusive,menu_as_of_date,verification_method,source_url,date_collected,price_eur,price_usd,fx_rate_date,fx_rate_source
1,Pasalubong,Breads,Chicken Empanada,Box of 6,500,1,PHP,True,2026-08-18,OCR and visual verification,https://www.taalvistahotel.com/wp-content/uploads/2026/09/Pasalubong-menu-as-of-18-August-2026.pdf,2026-09-02,6.9,7.99,2026-09-02,European Central Bank
2,Pasalubong,Breads,Chicken Empanada,Box of 12,900,1,PHP,True,2026-08-18,OCR and visual verification,https://www.taalvistahotel.com/wp-content/uploads/2026/09/Pasalubong-menu-as-of-18-August-2026.pdf,2026-09-02,12.43,14.39,2026-09-02,European Central Bank
3,Pasalubong,Breads,Ensaymada Brioche,Box of 6,450,1,PHP,True,2026-08-18,OCR and visual verification,https://www.taalvistahotel.com/wp-content/uploads/2026/09/Pasalubong-menu-as-of-18-August-2026.pdf,2026-09-02,6.21,7.19,2026-09-02,European Central Bank
4,Pasalubong,Breads,Ensaymada Brioche,Box of 12,700,1,PHP,True,2026-08-18,OCR and visual verification,https://www.taalvistahotel.com/wp-content/uploads/2026/09/Pasalubong-menu-as-of-18-August-2026.pdf,2026-09-02,9.67,11.19,2026-09-02,European Central Bank
5,Pasalubong,Breads,Cheese Bread,Box of 6,350,1,PHP,True,2026-08-18,OCR and visual verification,https://www.taalvistahotel.com/wp-content/uploads/2026/09/Pasalubong-menu-as-of-18-August-2026.pdf,2026-09-02,4.83,5.6,2026-09-02,European Central Bank
6,Pasalubong,Breads,Cheese Bread,Box of 12,650,1,PHP,True,2026-08-18,OCR and visual verification,https://www.taalvistahotel.com/wp-content/uploads/2026/09/Pasalubong-menu-as-of-18-August-2026.pdf,2026-09-02,8.98,10.39,2026-09-02,European Central Bank
7,Pasalubong,Breads,Pan de Coco,Box of 6,350,1,PHP,True,2026-08-18,OCR and visual verification,https://www.taalvistahotel.com/wp-content/uploads/2026/09/Pasalubong-menu-as-of-18-August-2026.pdf,2026-09-02,4.83,5.6,2026-09-02,European Central Bank
8,Pasalubong,Breads,Pan de Coco,Box of 12,650,1,PHP,True,2026-08-18,OCR and visual verification,https://www.taalvistahotel.com/wp-content/uploads/2026/09/Pasalubong-menu-as-of-18-August-2026.pdf,2026-09-02,8.98,10.39,2026-09-02,European Central Bank
9,Pasalubong,Breads,Ensaymada Halaya,Box of 6,460,1,PHP,True,2026-08-18,OCR and visual verification,https://www.taalvistahotel.com/wp-content/uploads/2026/09/Pasalubong-menu-as-of-18-August-2026.pdf,2026-09-02,6.35,7.35,2026-09-02,European Central Bank
10,Pasalubong,Breads,Ensaymada Halaya,Box of 12,820,1,PHP,True,2026-08-18,OCR and visual verification,https://www.taalvistahotel.com/wp-content/uploads/2026/09/Pasalubong-menu-as-of-18-August-2026.pdf,2026-09-02,11.32,13.11,2026-09-02,European Central Bank
11,Pasalubong,Breads,Ube Cheese Pandesal,Box of 6,330,1,PHP,True,2026-08-18,OCR and visual verification,https://www.taalvistahotel.com/wp-content/uploads/2026/09/Pasalubong-menu-as-of-18-August-2026.pdf,2026-09-02,4.56,5.28,2026-09-02,European Central Bank
12,Pasalubong,Breads,Ube Cheese Pandesal,Box of 12,600,1,PHP,True,2026-08-18,OCR and visual verification,https://www.taalvistahotel.com/wp-content/uploads/2026/09/Pasalubong-menu-as-of-18-August-2026.pdf,2026-09-02,8.29,9.59,2026-09-02,European Central Bank
13,Pasalubong,Spanish-Style Milkfish,In Olive Oil with Truffle,Individual item,420,2,PHP,True,2026-08-18,OCR and visual verification,https://www.taalvistahotel.com/wp-content/uploads/2026/09/Pasalubong-menu-as-of-18-August-2026.pdf,2026-09-02,5.8,6.72,2026-09-02,European Central Bank
14,Pasalubong,Spanish-Style Milkfish,In Olive Oil with Calamansi,Individual item,370,2,PHP,True,2026-08-18,OCR and visual verification,https://www.taalvistahotel.com/wp-content/uploads/2026/09/Pasalubong-menu-as-of-18-August-2026.pdf,2026-09-02,5.11,5.92,2026-09-02,European Central Bank
15,Pasalubong,Spanish-Style Milkfish,In Corn Oil Regular/Spicy,Individual item,340,2,PHP,True,2026-08-18,OCR and visual verification,https://www.taalvistahotel.com/wp-content/uploads/2026/09/Pasalubong-menu-as-of-18-August-2026.pdf,2026-09-02,4.7,5.44,2026-09-02,European Central Bank
16,Pasalubong,The Green Olive,Gourmet Tuyo / Tapa,210g,450,2,PHP,True,2026-08-18,OCR and visual verification,https://www.taalvistahotel.com/wp-content/uploads/2026/09/Pasalubong-menu-as-of-18-August-2026.pdf,2026-09-02,6.21,7.19,2026-09-02,European Central Bank
17,Pasalubong,The Green Olive,Lengua Plain / Coffee / Ube,220g,340,2,PHP,True,2026-08-18,OCR and visual verification,https://www.taalvistahotel.com/wp-content/uploads/2026/09/Pasalubong-menu-as-of-18-August-2026.pdf,2026-09-02,4.7,5.44,2026-09-02,European Central Bank
18,Pasalubong,The Green Olive,Bagoong Alamang Spicy / Sweet & Spicy,210g,290,2,PHP,True,2026-08-18,OCR and visual verification,https://www.taalvistahotel.com/wp-content/uploads/2026/09/Pasalubong-menu-as-of-18-August-2026.pdf,2026-09-02,4.0,4.64,2026-09-02,European Central Bank
19,Pasalubong,The Green Olive,Chili Garlic,100g,240,2,PHP,True,2026-08-18,OCR and visual verification,https://www.taalvistahotel.com/wp-content/uploads/2026/09/Pasalubong-menu-as-of-18-August-2026.pdf,2026-09-02,3.31,3.84,2026-09-02,European Central Bank
20,Pasalubong,Tsaa Laya’s Tea,Special Tea Set,"1 canister Lemon Ginger, 2 Bughaw Floral Blend sachets, 2 Tropical Summer sachets",890,2,PHP,True,2026-08-18,OCR and visual verification,https://www.taalvistahotel.com/wp-content/uploads/2026/09/Pasalubong-menu-as-of-18-August-2026.pdf,2026-09-02,12.29,14.23,2026-09-02,European Central Bank
21,Pasalubong,Others,Choco / White Crisps,Individual item,690,3,PHP,True,2026-08-18,OCR and visual verification,https://www.taalvistahotel.com/wp-content/uploads/2026/09/Pasalubong-menu-as-of-18-August-2026.pdf,2026-09-02,9.53,11.03,2026-09-02,European Central Bank
22,Pasalubong,Others,Coffee Tuile,Individual item,390,3,PHP,True,2026-08-18,OCR and visual verification,https://www.taalvistahotel.com/wp-content/uploads/2026/09/Pasalubong-menu-as-of-18-August-2026.pdf,2026-09-02,5.39,6.24,2026-09-02,European Central Bank
23,Pasalubong,Others,Ground Coffee in Jute Bag,Individual item,400,3,PHP,True,2026-08-18,OCR and visual verification,https://www.taalvistahotel.com/wp-content/uploads/2026/09/Pasalubong-menu-as-of-18-August-2026.pdf,2026-09-02,5.52,6.4,2026-09-02,European Central Bank
24,Pasalubong,Others,Tudor Bear Stuffed Toy,Individual item,380,3,PHP,True,2026-08-18,OCR and visual verification,https://www.taalvistahotel.com/wp-content/uploads/2026/09/Pasalubong-menu-as-of-18-August-2026.pdf,2026-09-02,5.25,6.08,2026-09-02,European Central Bank
25,Pasalubong,Others,Chichapop (Sweet Corn),Individual item,220,3,PHP,True,2026-08-18,OCR and visual verification,https://www.taalvistahotel.com/wp-content/uploads/2026/09/Pasalubong-menu-as-of-18-August-2026.pdf,2026-09-02,3.04,3.52,2026-09-02,European Central Bank
26,Pasalubong,Others,Chichapop (Cheese),Individual item,220,3,PHP,True,2026-08-18,OCR and visual verification,https://www.taalvistahotel.com/wp-content/uploads/2026/09/Pasalubong-menu-as-of-18-August-2026.pdf,2026-09-02,3.04,3.52,2026-09-02,European Central Bank
27,Pasalubong,Others,Chichapop (Barbeque),Individual item,220,3,PHP,True,2026-08-18,OCR and visual verification,https://www.taalvistahotel.com/wp-content/uploads/2026/09/Pasalubong-menu-as-of-18-August-2026.pdf,2026-09-02,3.04,3.52,2026-09-02,European Central Bank
28,Pasalubong,Others,Arrowroot,Individual item,420,3,PHP,True,2026-08-18,OCR and visual verification,https://www.taalvistahotel.com/wp-content/uploads/2026/09/Pasalubong-menu-as-of-18-August-2026.pdf,2026-09-02,5.8,6.72,2026-09-02,European Central Bank
29,Pasalubong,Others,Peanut Cookies,Individual item,420,3,PHP,True,2026-08-18,OCR and visual verification,https://www.taalvistahotel.com/wp-content/uploads/2026/09/Pasalubong-menu-as-of-18-August-2026.pdf,2026-09-02,5.8,6.72,2026-09-02,European Central Bank
30,Pasalubong,Others,Argellanas,Individual item,390,3,PHP,True,2026-08-18,OCR and visual verification,https://www.taalvistahotel.com/wp-content/uploads/2026/09/Pasalubong-menu-as-of-18-August-2026.pdf,2026-09-02,5.39,6.24,2026-09-02,European Central Bank
31,Pasalubong,Others,Sunflower Seeds (Roasted),Individual item,190,3,PHP,True,2026-08-18,OCR and visual verification,https://www.taalvistahotel.com/wp-content/uploads/2026/09/Pasalubong-menu-as-of-18-August-2026.pdf,2026-09-02,2.62,3.04,2026-09-02,European Central Bank
32,Pasalubong,Others,Banana Chips (Sweet),Individual item,180,3,PHP,True,2026-08-18,OCR and visual verification,https://www.taalvistahotel.com/wp-content/uploads/2026/09/Pasalubong-menu-as-of-18-August-2026.pdf,2026-09-02,2.49,2.88,2026-09-02,European Central Bank
33,Pasalubong,Others,Banana Chips (Sugar-Free),Individual item,180,3,PHP,True,2026-08-18,OCR and visual verification,https://www.taalvistahotel.com/wp-content/uploads/2026/09/Pasalubong-menu-as-of-18-August-2026.pdf,2026-09-02,2.49,2.88,2026-09-02,European Central Bank
34,Pasalubong,Others,Shing-A-Ling,Individual item,150,3,PHP,True,2026-08-18,OCR and visual verification,https://www.taalvistahotel.com/wp-content/uploads/2026/09/Pasalubong-menu-as-of-18-August-2026.pdf,2026-09-02,2.07,2.4,2026-09-02,European Central Bank
