promotion_record_id,promotion_category,promotion_name,promotion_details,details_url,action_label,action_url,source_url,date_collected
1,Accommodation,"RAIN, RAIN, GETAWAY!","Escape the rain with a cozy stay, delightful perks, timeless Tagaytay views and an exclusive Brickseum experience. | Rates start at Php 8,000 for a Superior Room.",https://www.taalvistahotel.com/wp-content/uploads/2026/07/Rain-Rain-Getaway.jpg,BOOK NOW,https://www.simplebooking.it/ibe2/hotel/6757?lang=EN&cur=PHP&guests=A%2CA&in=2026-09-12&out=2026-09-13,https://www.taalvistahotel.com/family-friendly-tagaytay-hotel-deals/,2026-09-02
2,Accommodation,Mobile exclusive deals,"Your dream staycation is just a tap away. Book directly via any mobile device and enjoy up to 32% off on regular dates! | Rates start at Php 7,888 for a Superior Room.",https://www.taalvistahotel.com/wp-content/uploads/2026/07/Rain-Rain-Getaway.jpg,BOOK NOW,https://www.simplebooking.it/ibe2/hotel/6757?lang=EN&cur=PHP&guests=A%2CA&in=2026-09-12&out=2026-09-13,https://www.taalvistahotel.com/family-friendly-tagaytay-hotel-deals/,2026-09-02
3,Accommodation,elevated escapes,"Where comfort meets calm and every view feels like a pause. Experience the new Lake Wing Rooms. | Rates start at Php 10,625 for a Deluxe Room.",https://www.taalvistahotel.com/wp-content/uploads/2026/04/Elevated-Escapes-Website.jpg,BOOK NOW,https://www.simplebooking.it/ibe2/hotel/6757/?hid=6757&lang=EN&cur=PHP,https://www.taalvistahotel.com/family-friendly-tagaytay-hotel-deals/,2026-09-02
4,Accommodation,Suite serenity: A moment of luxury,"Surrender to an atmosphere of stillness and subtle sophistication, overlooking the timeless beauty of Taal Lake. | Rates start at Php 22,500 for a Deluxe Suite Room",https://www.taalvistahotel.com/wp-content/uploads/2026/08/Suite-Serenity-A-Moment-of-Luxury_converted.pdf,BOOK NOW,https://www.simplebooking.it/ibe2/hotel/6757/?hid=6757&lang=EN&cur=PHP,https://www.taalvistahotel.com/family-friendly-tagaytay-hotel-deals/,2026-09-02
5,Accommodation,PLAN AHEAD PAY LESS!,"Plan you Tagaytay escape ahead and enjoy 30% off on regular rates when you book at least 30 days in advance. | Rates start at Php  8,120  for a Superior Room",https://www.taalvistahotel.com/wp-content/uploads/2026/04/Plan-Ahead-Pay-Less.pdf,BOOK NOW,https://www.simplebooking.it/ibe2/hotel/6757/?hid=6757&lang=EN&cur=PHP,https://www.taalvistahotel.com/family-friendly-tagaytay-hotel-deals/,2026-09-02
6,Accommodation,BEST TO BOOK DIRECT!,"Book Direct, Save More! | Rates start at Php 8,700 for a Superior Room",https://www.taalvistahotel.com/wp-content/uploads/2026/04/0-02-06-7f8409e8519728309f126376046af413a67828d881979e3beedee02f5734b8a2_22131494553.jpg,BOOK NOW,https://www.simplebooking.it/ibe2/hotel/6757/?hid=6757&lang=EN&cur=PHP,https://www.taalvistahotel.com/family-friendly-tagaytay-hotel-deals/,2026-09-02
7,Dining,PLATE FOR THE PLANET,"Fresh from Tagaytay, our pineapple-inspired creations support local farmers while bringing bright, local flavors to your plate. | Rates start at Php 130 per person",https://www.taalvistahotel.com/wp-content/uploads/2026/07/Plate-for-the-Planet-for-Website.jpg,,,https://www.taalvistahotel.com/family-friendly-tagaytay-hotel-deals/,2026-09-02
8,Dining,Perfect Pairings: Bites & Beer,"Enjoy the perfect pairing of crowd-favorite savory bites with two (2) servings of San Miguel Light or Pale Pilsen. | Php 1,500 per order",https://www.taalvistahotel.com/wp-content/uploads/2026/07/Bites-and-Beer-Special-for-Website.jpg,,,https://www.taalvistahotel.com/family-friendly-tagaytay-hotel-deals/,2026-09-02
9,Dining,DINE UNDER THE STARS,"Feel the love in the most romantic setting, perfectly matched with a curated menu. | Rates start at Php 10,900 per couple﻿",,BOOK YOUR TABLE,https://bit.ly/TVHDiningReservations,https://www.taalvistahotel.com/family-friendly-tagaytay-hotel-deals/,2026-09-02
10,Dining,GLAM PICNIC AT THE LAWN,"Spend worthwhile afternoons with good food, good company, and the best view of Taal Volcano. | Php 6,500 nett per set",,RESERVE NOW,https://forms.office.com/r/LTwLn6BxuU,https://www.taalvistahotel.com/family-friendly-tagaytay-hotel-deals/,2026-09-02
11,Dining,IN-ROOM DINING SPECIALS,"Indulge in flavorful dishes right in the comfort of your room. | Php 3,300 nett per set",,,,https://www.taalvistahotel.com/family-friendly-tagaytay-hotel-deals/,2026-09-02
12,Dining,CUISINE MEETS CULTURE,"Feast on a sumptuous Filipino-Continental buffet while watching a live cultural show by the Bughaw Folkloric Dance Group during the lunch buffet every Saturday and Sunday. | Rates start at Php 1,850 per person",,RESERVE NOW,https://forms.office.com/r/LTwLn6BxuU,https://www.taalvistahotel.com/family-friendly-tagaytay-hotel-deals/,2026-09-02
13,Dining,GELATO,"Taste the creamy richness of our freshly made gelato. From classic favorites to tantalizing new creations, there’s a gelato for every craving. | Rates start at Php 130",,,,https://www.taalvistahotel.com/family-friendly-tagaytay-hotel-deals/,2026-09-02
14,Dining,FILIPINO CLASSICS,"Indulge in our Bibingka and Puto Bumbong, served with tsokolate batirol, brewed coffee, or hot tea. | Rates start at Php 580 per person",https://www.taalvistahotel.com/wp-content/uploads/2026/04/Filipino-Classic-Website.jpg,,,https://www.taalvistahotel.com/family-friendly-tagaytay-hotel-deals/,2026-09-02
15,Dining,GINGER GLAZED RIBS,"Take in the view at The Ridge while enjoying juicy ribs with rich flavors right to the bone! Served with a side of french fries and corn on the cob. | Rates start at Php 1,820, good for two persons",,,,https://www.taalvistahotel.com/family-friendly-tagaytay-hotel-deals/,2026-09-02
16,Dining,A WALK THROUGH TIME,"Indulge in delectable treats to round off your one-hour guided walking tour through the colorful history and heritage of Taal Vista Hotel. | Rates start at Php 3,200 for two persons",,,,https://www.taalvistahotel.com/family-friendly-tagaytay-hotel-deals/,2026-09-02
17,Dining,GRILL AT ALTA,"Partake in succulent barbecues with great company and relaxing views. | Rates start at Php 1,600, good for two persons",https://www.taalvistahotel.com/wp-content/uploads/2026/08/FIRED-UP-FEAST.jpg,,,https://www.taalvistahotel.com/family-friendly-tagaytay-hotel-deals/,2026-09-02
18,Dining,AFTERNOON TEA TIME,"Favored Filipino and international delicacies take centerstage to make your afternoon more special. | Rate is at Php 980, good for two persons",,,,https://www.taalvistahotel.com/family-friendly-tagaytay-hotel-deals/,2026-09-02
19,Events,TIMELESS CHRISTMAS FESTIVITIES,"Thoughtfully curated celebrations inspired by timeless traditions, exceptional hospitality, and meaningful connections that bring teams together.",https://www.taalvistahotel.com/christmas-party-packages-2026/,CUSTOMIZE A PROPOSAL,https://forms.office.com/r/dyVRwuYTXK,https://www.taalvistahotel.com/family-friendly-tagaytay-hotel-deals/,2026-09-02
20,Events,EDUXPERIENCE: LEARN & EXPLORE AT TAAL VISTA HOTEL,"Enjoy a unique educational experience with insightful discussions, hands-on exposure to hotel operations, and local Pasalubong treats!",https://www.taalvistahotel.com/wp-content/uploads/2026/08/EDU-XPERIENCE-28-AUGUST.jpg,CUSTOMIZE A PROPOSAL,https://forms.office.com/r/dyVRwuYTXK,https://www.taalvistahotel.com/family-friendly-tagaytay-hotel-deals/,2026-09-02
21,Events,CATERING-ON-THE-GO,"Experience the exquisite flavors of Taal Vista Hotel as we bring our esteemed culinary mastery to your special events, all in the comfort of your chosen venue.",,CUSTOMIZE A PROPOSAL,https://forms.office.com/r/dyVRwuYTXK,https://www.taalvistahotel.com/family-friendly-tagaytay-hotel-deals/,2026-09-02
22,Events,WEDDING PACKAGE,"Ignite the spark of your new life at this timeless hotel, with personalized packages, multifaceted event spaces, and delectable banquet options to ensure that your perfect partly comes to life.",https://www.taalvistahotel.com/taal-vista-hotel-wedding-e-brochure/,CUSTOMIZE A PROPOSAL,https://forms.office.com/r/dyVRwuYTXK,https://www.taalvistahotel.com/family-friendly-tagaytay-hotel-deals/,2026-09-02
23,Events,PARTY PACKAGE,"Celebrate your special events in style with elegant spaces, exquisite catering options and genuine hospitality.",,CUSTOMIZE A PROPOSAL,https://forms.office.com/r/dyVRwuYTXK,https://www.taalvistahotel.com/family-friendly-tagaytay-hotel-deals/,2026-09-02
24,"Rain, The Spa",A WARM ESCAPE FROM THE RAIN,Turn gloomy weather into a moment of self care,https://www.taalvistahotel.com/wp-content/uploads/2026/07/rain-the-spa-new.jpg,Book Your Spa Experience,https://bit.ly/TVHSpaReservations,https://www.taalvistahotel.com/family-friendly-tagaytay-hotel-deals/,2026-09-02
25,"Rain, The Spa",SOY AND FIRE,Warm oil from soy candle and signature chamomile tea to re-awaken your passion.,,Book Your Spa Experience,https://bit.ly/TVHSpaReservations,https://www.taalvistahotel.com/family-friendly-tagaytay-hotel-deals/,2026-09-02
